"2018-20596",20596
"2018-20133",20133
"2021-38577",38577
"2021-41372",41372
"2020-10380",10380
"2020-13380",13380
"2021-37059",37059
"2018-20059",20059
"2021-26904",26904
"2020-13381",13381
"2021-43225",43225
"2021-43905",43905
"2020-19038",19038
"2018-20222",20222
"2020-17002",17002
"2019-10850",10850
"2021-43214",43214
"2020-17105",17105
"2019-15559",15559
"2020-13382",13382
"2021-44219",44219
"2020-13854",13854
"2021-38606",38606
"2020-36474",36474
"2019-17132",17132
"2020-28102",28102
"2018-13342",13342
"2020-28103",28103
"2020-35604",35604
"2019-17124",17124
"2020-26100",26100
"2020-19853",19853
"2019-16872",16872
"2020-35775",35775
"2021-30194",30194
"2013-20004",20004
"2019-13462",13462
"2020-35545",35545
"2021-39616",39616
"2021-36364",36364
"2017-13667",13667
"2021-43907",43907
"2021-30190",30190
"2020-24374",24374
"2020-22208",22208
"2018-14961",14961
"2020-21806",21806
"2019-16127",16127
"2021-46093",46093
"2018-15362",15362
"2021-38302",38302
"2021-45090",45090
"2021-36366",36366
"2018-14007",14007
"2021-34450",34450
"2021-39655",39655
"2021-43735",43735
"2021-27670",27670
"2021-39737",39737
"2021-36363",36363
"2021-32615",32615
"2021-46660",46660
"2021-37549",37549
"2021-28237",28237
"2021-41844",41844
"2018-14916",14916
"2019-15940",15940
"2021-43899",43899
"2016-10926",10926
"2018-21245",21245
"2018-12925",12925
"2021-43084",43084
"2016-10927",10927
"2020-20675",20675
"2021-38672",38672
"2019-16211",16211
"2021-38298",38298
"2020-16257",16257
"2020-17095",17095
"2021-26599",26599
"2018-14528",14528
"2021-37597",37597
"2018-16444",16444
"2021-45497",45497
"2021-43202",43202
"2021-33497",33497
"2017-17735",17735
"2021-41591",41591
"2021-44949",44949
"2021-45498",45498
"2021-23702",23702
"2021-23663",23663
"2021-42091",42091
"2020-26105",26105
"2021-38578",38578
"2021-43183",43183
"2020-21787",21787
"2021-26443",26443
"2021-32234",32234
"2020-35712",35712
"2018-19601",19601
"2020-23878",23878
"2020-10118",10118
"2019-12618",12618
"2021-43736",43736
"2017-18586",18586
"2019-15609",15609
"2020-23877",23877
"2017-17945",17945
"2020-17051",17051
"2021-43679",43679
"2021-23797",23797
"2020-11805",11805
"2021-43439",43439
"2021-34458",34458
"2020-18155",18155
"2020-29177",29177
"2020-18164",18164
"2020-10117",10117
"2019-20646",20646
"2021-42945",42945
"2018-18395",18395
"2021-46377",46377
"2018-18864",18864
"2021-45524",45524
"2020-21238",21238
"2021-44350",44350
"2020-35892",35892
"2020-21237",21237
"2021-44868",44868
"2019-13188",13188
"2021-44597",44597
"2021-45015",45015
"2021-46089",46089
"2021-41592",41592
"2021-39302",39302
"2021-43140",43140
"2020-28199",28199
"2021-41736",41736
"2020-11895",11895
"2021-28476",28476
"2018-17411",17411
"2021-26476",26476
"2020-20944",20944
"2020-17118",17118
"2021-27329",27329
"2021-38172",38172
"2021-33501",33501
"2021-23594",23594
"2020-24115",24115
"2021-29656",29656
"2020-20495",20495
"2019-10641",10641
"2021-26424",26424
"2021-37128",37128
"2021-27741",27741
"2020-25207",25207
"2020-18440",18440
"2021-30045",30045
"2020-18078",18078
"2021-29655",29655
"2021-30128",30128
"2021-43650",43650
"2021-44144",44144
"2021-46308",46308
"2020-29128",29128
"2021-46560",46560
"2021-21658",21658
"2021-40461",40461
"2020-18758",18758
"2021-42139",42139
"2021-43700",43700
"2021-43117",43117
"2020-27745",27745
"2021-43157",43157
"2018-17903",17903
"2019-16057",16057
"2021-43628",43628
"2021-23921",23921
"2021-27166",27166
"2021-39384",39384
"2021-31217",31217
"2021-46307",46307
"2021-39296",39296
"2020-24379",24379
"2021-43090",43090
"2021-46063",46063
"2020-10176",10176
"2021-45706",45706
"2018-10997",10997
"2021-37298",37298
"2021-38197",38197
"2021-40850",40850
"2021-37925",37925
"2021-39979",39979
"2021-26616",26616
"2021-25288",25288
"2020-12083",12083
"2020-19527",19527
"2021-33622",33622
"2021-45701",45701
"2021-46201",46201
"2020-16232",16232
"2019-16932",16932
"2021-25287",25287
"2021-34235",34235
"2021-43036",43036
"2016-10858",10858
"2020-24916",24916
"2021-27664",27664
"2021-27447",27447
"2021-37099",37099
"2021-43509",43509
"2016-10824",10824
"2021-46309",46309
"2021-44617",44617
"2021-23264",23264
"2021-20020",20020
"2020-36514",36514
"2021-46198",46198
"2020-22226",22226
"2020-24147",24147
"2018-17298",17298
"2019-12994",12994
"2021-39383",39383
"2021-33293",33293
"2021-40494",40494
"2017-18381",18381
"2019-15039",15039
"2021-45029",45029
"2020-27224",27224
"2021-36567",36567
"2020-11897",11897
"2020-15591",15591
"2020-21653",21653
"2021-46200",46200
"2021-46427",46427
"2020-10233",10233
"2021-41560",41560
"2020-23718",23718
"2021-46110",46110
"2021-33695",33695
"2021-31324",31324
"2021-46461",46461
"2020-18191",18191
"2021-44736",44736
"2021-43466",43466
"2021-46451",46451
"2020-16608",16608
"2018-20981",20981
"2021-32090",32090
"2020-13376",13376
"2021-25007",25007
"2021-38621",38621
"2021-27561",27561
"2021-26600",26600
"2021-26040",26040
"2020-35717",35717
"2018-13354",13354
"2021-45435",45435
"2021-38471",38471
"2020-28960",28960
"2017-10912",10912
"2021-38278",38278
"2016-10386",10386
"2020-11896",11896
"2021-46444",46444
"2021-21685",21685
"2020-10515",10515
"2019-20082",20082
"2021-21689",21689
"2017-15718",15718
"2020-11436",11436
"2021-45414",45414
"2021-21479",21479
"2021-33218",33218
"2021-35324",35324
"2021-37011",37011
"2017-12558",12558
"2020-24653",24653
"2021-46024",46024
"2021-37087",37087
"2019-10760",10760
"2021-36380",36380
"2021-21484",21484
"2021-44620",44620
"2020-10788",10788
"2020-24032",24032
"2020-26157",26157
"2020-17142",17142
"2020-25905",25905
"2020-35565",35565
"2021-44245",44245
"2021-28308",28308
"2021-22429",22429
"2021-38923",38923
"2021-46446",46446
"2021-38570",38570
"2021-37154",37154
"2021-31761",31761
"2021-44663",44663
"2021-22354",22354
"2021-44623",44623
"2021-27451",27451
"2021-39233",39233
"2021-37120",37120
"2017-11309",11309
"2017-12542",12542
"2021-45814",45814
"2020-13300",13300
"2021-22436",22436
"2021-46061",46061
"2021-38573",38573
"2021-37088",37088
"2021-43130",43130
"2021-40046",40046
"2021-33509",33509
"2021-33055",33055
"2021-46463",46463
"2021-37116",37116
"2020-15348",15348
"2020-24195",24195
"2021-39997",39997
"2020-18439",18439
"2020-28250",28250
"2021-43136",43136
"2021-44567",44567
"2017-18911",18911
"2021-37016",37016
"2020-25190",25190
"2021-35971",35971
"2020-36177",36177
"2020-24672",24672
"2021-45756",45756
"2021-22434",22434
"2021-20623",20623
"2021-42575",42575
"2021-23449",23449
"2021-40520",40520
"2020-15993",15993
"2021-44352",44352
"2021-37042",37042
"2017-13150",13150
"2021-22432",22432
"2021-36336",36336
"2021-41975",41975
"2020-16259",16259
"2021-43420",43420
"2021-21687",21687
"2020-26167",26167
"2021-22430",22430
"2021-44935",44935
"2021-31326",31326
"2021-21876",21876
"2021-38477",38477
"2021-43981",43981
"2021-37065",37065
"2017-13149",13149
"2021-40050",40050
"2021-40247",40247
"2021-37079",37079
"2021-42784",42784
"2021-21121",21121
"2021-21877",21877
"2021-38457",38457
"2021-40053",40053
"2020-36064",36064
"2018-20871",20871
"2021-25200",25200
"2021-37062",37062
"2021-27104",27104
"2020-23719",23719
"2021-25003",25003
"2018-10511",10511
"2021-20658",20658
"2021-20790",20790
"2021-39363",39363
"2021-35222",35222
"2021-20736",20736
"2020-27660",27660
"2021-46361",46361
"2019-20851",20851
"2018-20401",20401
"2020-36062",36062
"2021-33962",33962
"2020-23754",23754
"2018-16462",16462
"2021-42785",42785
"2021-40519",40519
"2021-30246",30246
"2019-14914",14914
"2021-26897",26897
"2021-41928",41928
"2021-29715",29715
"2020-25848",25848
"2021-29396",29396
"2021-26530",26530
"2017-13185",13185
"2021-38613",38613
"2020-28149",28149
"2021-38823",38823
"2021-37064",37064
"2020-25366",25366
"2020-13117",13117
"2021-21151",21151
"2019-12373",12373
"2021-43636",43636
"2021-27828",27828
"2019-10306",10306
"2021-23165",23165
"2018-10718",10718
"2021-41716",41716
"2020-25911",25911
"2020-10987",10987
"2019-13364",13364
"2021-36794",36794
"2021-36152",36152
"2017-18883",18883
"2017-13204",13204
"2020-27555",27555
"2020-20982",20982
"2021-44088",44088
"2021-42940",42940
"2021-22394",22394
"2019-17240",17240
"2020-18698",18698
"2017-10918",10918
"2021-45334",45334
"2017-11291",11291
"2021-21874",21874
"2019-11898",11898
"2020-35665",35665
"2020-24377",24377
"2021-44659",44659
"2020-28188",28188
"2018-16367",16367
"2021-28834",28834
"2021-39994",39994
"2021-40102",40102
"2020-10640",10640
"2021-38002",38002
"2021-43984",43984
"2021-43302",43302
"2017-13187",13187
"2020-15770",15770
"2021-45330",45330
"2020-25912",25912
"2020-15922",15922
"2021-44779",44779
"2019-20367",20367
"2021-42783",42783
"2020-16014",16014
"2019-10758",10758
"2021-37095",37095
"2019-10418",10418
"2021-21730",21730
"2018-17462",17462
"2019-17058",17058
"2021-37040",37040
"2021-44249",44249
"2021-40011",40011
"2021-20418",20418
"2021-40722",40722
"2021-37051",37051
"2021-41296",41296
"2021-21124",21124
"2021-22657",22657
"2021-22448",22448
"2020-28910",28910
"2020-14498",14498
"2020-24715",24715
"2021-41660",41660
"2021-39982",39982
"2017-10915",10915
"2021-31698",31698
"2021-42310",42310
"2017-15524",15524
"2021-27170",27170
"2018-16068",16068
"2021-25311",25311
"2021-25979",25979
"2021-42071",42071
"2021-38195",38195
"2019-25052",25052
"2019-20606",20606
"2020-19138",19138
"2020-35124",35124
"2021-26618",26618
"2020-13835",13835
"2021-21142",21142
"2020-35489",35489
"2020-12021",12021
"2021-45331",45331
"2021-46250",46250
"2021-37045",37045
"2020-16017",16017
"2019-16340",16340
"2021-43882",43882
"2020-10634",10634
"2021-27952",27952
"2021-43691",43691
"2019-10328",10328
"2020-13312",13312
"2021-42637",42637
"2020-12676",12676
"2021-42313",42313
"2021-37909",37909
"2021-26619",26619
"2019-10458",10458
"2021-45966",45966
"2020-16016",16016
"2021-23484",23484
"2020-10661",10661
"2020-26508",26508
"2020-16025",16025
"2021-23394",23394
"2021-40595",40595
"2021-42545",42545
"2021-33346",33346
"2021-24041",24041
"2021-28506",28506
"2018-20442",20442
"2021-24951",24951
"2021-38454",38454
"2020-29659",29659
"2021-43215",43215
"2021-44087",44087
"2020-28039",28039
"2021-29300",29300
"2021-33181",33181
"2021-23158",23158
"2021-24035",24035
"2020-16024",16024
"2021-30481",30481
"2021-43300",43300
"2021-26830",26830
"2019-17096",17096
"2021-26777",26777
"2020-26154",26154
"2021-24857",24857
"2020-10789",10789
"2021-37981",37981
"2021-43301",43301
"2020-13833",13833
"2017-17055",17055
"2021-41300",41300
"2021-24866",24866
"2019-17631",17631
"2021-22502",22502
"2020-24376",24376
"2021-38196",38196
"2020-15489",15489
"2021-26955",26955
"2019-12153",12153
"2021-44757",44757
"2019-19148",19148
"2020-16045",16045
"2020-28645",28645
"2021-40371",40371
"2021-30925",30925
"2020-15715",15715
"2020-14115",14115
"2021-45802",45802
"2019-20597",20597
"2020-29667",29667
"2021-46262",46262
"2020-27600",27600
"2021-30232",30232
"2021-21777",21777
"2020-20907",20907
"2021-34066",34066
"2021-45707",45707
"2021-20093",20093
"2021-43936",43936
"2021-30633",30633
"2020-15142",15142
"2021-46263",46263
"2021-20538",20538
"2020-27649",27649
"2021-41807",41807
"2021-45468",45468
"2019-19949",19949
"2021-40859",40859
"2021-21146",21146
"2021-28503",28503
"2021-46264",46264
"2019-20545",20545
"2021-46265",46265
"2017-14611",14611
"2021-44625",44625
"2018-20162",20162
"2021-41678",41678
"2021-27472",27472
"2020-35859",35859
"2021-44628",44628
"2017-16088",16088
"2021-37473",37473
"2020-16272",16272
"2021-45742",45742
"2021-45625",45625
"2021-35963",35963
"2021-21154",21154
"2021-26334",26334
"2021-45687",45687
"2021-27797",27797
"2021-45878",45878
"2021-44629",44629
"2018-17472",17472
"2021-39070",39070
"2021-45835",45835
"2021-31838",31838
"2021-35961",35961
"2020-22001",22001
"2018-21081",21081
"2019-10431",10431
"2020-11633",11633
"2021-37973",37973
"2021-41679",41679
"2021-24762",24762
"2021-37425",37425
"2021-44632",44632
"2021-45967",45967
"2018-15632",15632
"2020-35467",35467
"2021-23732",23732
"2021-37354",37354
"2018-11314",11314
"2021-44631",44631
"2021-21109",21109
"2021-46233",46233
"2021-21538",21538
"2020-16206",16206
"2021-44622",44622
"2021-46226",46226
"2021-22279",22279
"2021-45738",45738
"2021-45834",45834
"2021-21106",21106
"2021-42767",42767
"2021-32967",32967
"2021-21954",21954
"2021-37832",37832
"2019-12131",12131
"2020-10731",10731
"2021-44630",44630
"2021-46231",46231
"2018-11316",11316
"2020-24186",24186
"2020-13169",13169
"2021-44626",44626
"2021-21329",21329
"2021-38299",38299
"2020-36242",36242
"2021-35965",35965
"2021-21223",21223
"2021-24922",24922
"2021-22801",22801
"2019-13550",13550
"2021-27468",27468
"2021-20651",20651
"2021-37934",37934
"2021-46232",46232
"2020-24561",24561
"2021-26088",26088
"2021-36294",36294
"2020-27780",27780
"2021-21226",21226
"2020-11815",11815
"2021-43789",43789
"2021-38917",38917
"2021-44627",44627
"2021-21201",21201
"2021-27464",27464
"2021-42640",42640
"2020-35463",35463
"2020-11817",11817
"2021-25992",25992
"2020-26821",26821
"2020-11035",11035
"2019-20567",20567
"2021-46230",46230
"2021-21308",21308
"2020-11811",11811
"2020-17363",17363
"2021-44685",44685
"2021-39231",39231
"2019-11595",11595
"2021-44966",44966
"2021-30571",30571
"2021-38470",38470
"2021-33724",33724
"2021-46457",46457
"2020-14516",14516
"2021-44882",44882
"2021-46454",46454
"2020-27648",27648
"2021-36312",36312
"2021-21155",21155
"2021-26621",26621
"2018-14860",14860
"2019-20537",20537
"2021-40909",40909
"2017-14591",14591
"2020-17752",17752
"2021-30856",30856
"2021-40887",40887
"2021-33265",33265
"2021-45427",45427
"2020-26824",26824
"2021-29908",29908
"2021-44610",44610
"2018-25012",25012
"2018-16716",16716
"2019-20611",20611
"2021-38478",38478
"2021-41609",41609
"2021-44556",44556
"2021-30655",30655
"2021-41833",41833
"2020-15148",15148
"2021-37726",37726
"2019-19810",19810
"2021-32586",32586
"2021-37144",37144
"2021-44881",44881
"2021-46455",46455
"2020-14158",14158
"2020-10948",10948
"2021-20001",20001
"2021-22205",22205
"2020-16210",16210
"2020-15836",15836
"2021-21107",21107
"2021-45990",45990
"2021-26753",26753
"2020-29552",29552
"2021-40849",40849
"2018-10867",10867
"2021-36306",36306
"2021-33274",33274
"2021-21111",21111
"2021-43926",43926
"2019-20783",20783
"2021-33267",33267
"2021-34371",34371
"2018-25009",25009
"2021-27663",27663
"2021-33270",33270
"2021-44653",44653
"2020-26822",26822
"2019-19606",19606
"2020-35125",35125
"2021-43303",43303
"2021-24638",24638
"2020-24639",24639
"2021-42171",42171
"2021-42764",42764
"2020-24650",24650
"2021-43927",43927
"2018-10866",10866
"2021-30642",30642
"2021-40404",40404
"2021-29102",29102
"2021-44159",44159
"2021-31932",31932
"2020-26823",26823
"2020-25251",25251
"2021-22667",22667
"2020-27956",27956
"2021-22028",22028
"2021-36308",36308
"2021-21951",21951
"2021-36302",36302
"2021-37184",37184
"2021-46704",46704
"2019-19106",19106
"2021-45809",45809
"2021-38013",38013
"2021-26461",26461
"2021-41030",41030
"2020-12519",12519
"2021-25010",25010
"2019-17218",17218
"2021-21961",21961
"2020-11749",11749
"2021-42109",42109
"2021-21994",21994
"2021-36779",36779
"2020-17528",17528
"2021-20791",20791
"2020-35465",35465
"2021-44655",44655
"2020-24383",24383
"2018-19063",19063
"2019-18580",18580
"2021-33884",33884
"2019-17361",17361
"2021-22057",22057
"2020-28347",28347
"2021-45986",45986
"2021-39063",39063
"2021-29393",29393
"2020-15178",15178
"2020-26728",26728
"2021-44557",44557
"2021-43033",43033
"2021-21960",21960
"2021-38948",38948
"2020-35187",35187
"2020-12493",12493
"2021-21825",21825
"2021-36582",36582
"2021-33725",33725
"2021-27476",27476
"2020-36331",36331
"2020-16152",16152
"2021-21829",21829
"2020-36330",36330
"2021-37913",37913
"2021-24666",24666
"2021-38294",38294
"2020-11684",11684
"2020-24649",24649
"2020-24698",24698
"2021-40350",40350
"2021-42952",42952
"2021-21950",21950
"2021-27470",27470
"2021-39635",39635
"2021-33963",33963
"2021-26109",26109
"2021-41294",41294
"2021-23894",23894
"2021-31646",31646
"2021-29943",29943
"2020-29591",29591
"2021-46227",46227
"2020-35191",35191
"2021-27466",27466
"2021-31381",31381
"2021-26566",26566
"2020-29577",29577
"2021-43086",43086
"2021-21889",21889
"2020-24648",24648
"2019-19108",19108
"2020-10064",10064
"2021-21884",21884
"2020-15865",15865
"2021-23507",23507
"2020-12032",12032
"2020-15833",15833
"2021-21881",21881
"2021-24045",24045
"2021-44031",44031
"2021-44140",44140
"2020-35458",35458
"2021-24931",24931
"2019-10668",10668
"2020-26547",26547
"2021-23520",23520
"2021-21892",21892
"2019-12549",12549
"2021-21883",21883
"2021-42786",42786
"2021-27437",27437
"2020-15952",15952
"2019-14985",14985
"2020-29492",29492
"2021-23365",23365
"2021-21505",21505
"2021-30180",30180
"2021-24493",24493
"2021-42115",42115
"2019-14299",14299
"2021-21887",21887
"2021-29921",29921
"2021-21903",21903
"2017-14000",14000
"2021-38679",38679
"2021-41873",41873
"2021-32648",32648
"2021-31579",31579
"2021-26622",26622
"2021-45401",45401
"2017-18648",18648
"2020-27637",27637
"2021-22823",22823
"2021-45887",45887
"2021-41647",41647
"2021-44259",44259
"2021-44458",44458
"2020-13126",13126
"2021-39675",39675
"2021-31597",31597
"2021-20487",20487
"2021-21795",21795
"2018-18313",18313
"2021-20125",20125
"2021-22175",22175
"2021-23803",23803
"2020-26197",26197
"2020-28998",28998
"2021-36357",36357
"2021-44749",44749
"2021-36800",36800
"2020-12828",12828
"2017-16339",16339
"2020-13675",13675
"2020-12030",12030
"2021-23005",23005
"2021-44041",44041
"2017-16338",16338
"2021-23654",23654
"2020-24407",24407
"2021-36745",36745
"2015-20105",20105
"2021-21894",21894
"2017-14446",14446
"2021-44971",44971
"2021-36751",36751
"2020-12775",12775
"2021-22860",22860
"2021-36356",36356
"2021-42772",42772
"2021-44675",44675
"2020-35219",35219
"2020-12763",12763
"2020-28026",28026
"2020-15692",15692
"2021-20701",20701
"2021-40684",40684
"2021-26810",26810
"2021-42854",42854
"2021-28909",28909
"2021-37160",37160
"2021-23926",23926
"2019-18189",18189
"2021-34813",34813
"2021-41292",41292
"2016-11017",11017
"2021-22049",22049
"2021-41290",41290
"2017-16343",16343
"2021-45877",45877
"2021-37593",37593
"2021-39708",39708
"2020-13501",13501
"2018-12713",12713
"2018-20839",20839
"2018-18531",18531
"2020-15961",15961
"2020-15188",15188
"2021-46314",46314
"2021-38503",38503
"2018-12755",12755
"2020-15963",15963
"2019-12405",12405
"2021-45232",45232
"2021-43298",43298
"2021-42169",42169
"2020-25762",25762
"2021-24527",24527
"2021-41816",41816
"2021-45079",45079
"2021-40438",40438
"2020-28187",28187
"2021-21014",21014
"2017-14444",14444
"2021-41193",41193
"2021-40525",40525
"2021-24215",24215
"2017-14445",14445
"2021-21513",21513
"2020-24341",24341
"2018-20399",20399
"2018-17915",17915
"2020-24142",24142
"2021-21016",21016
"2021-25309",25309
"2021-21019",21019
"2021-39510",39510
"2021-44880",44880
"2017-10920",10920
"2021-41842",41842
"2019-19841",19841
"2021-25320",25320
"2020-24987",24987
"2021-27707",27707
"2021-42077",42077
"2019-13363",13363
"2018-21058",21058
"2020-10284",10284
"2019-20427",20427
"2020-15121",15121
"2021-20042",20042
"2019-10212",10212
"2021-39658",39658
"2020-27176",27176
"2021-33032",33032
"2019-19896",19896
"2021-42853",42853
"2021-31756",31756
"2021-42668",42668
"2019-14310",14310
"2018-11808",11808
"2021-37161",37161
"2017-12883",12883
"2021-21025",21025
"2021-42787",42787
"2020-14325",14325
"2020-10207",10207
"2018-19514",19514
"2018-19248",19248
"2019-19839",19839
"2021-34346",34346
"2020-25359",25359
"2019-16454",16454
"2020-14523",14523
"2018-19069",19069
"2021-23470",23470
"2021-42775",42775
"2021-37555",37555
"2021-23682",23682
"2020-13873",13873
"2019-15074",15074
"2020-14324",14324
"2021-44847",44847
"2021-41950",41950
"2019-19838",19838
"2021-38563",38563
"2018-20398",20398
"2021-21916",21916
"2019-19495",19495
"2019-17564",17564
"2019-13581",13581
"2021-28860",28860
"2021-45255",45255
"2021-45876",45876
"2020-26712",26712
"2021-40865",40865
"2020-21524",21524
"2021-23280",23280
"2018-10612",10612
"2020-14505",14505
"2021-23281",23281
"2020-29127",29127
"2021-37538",37538
"2020-13841",13841
"2020-12517",12517
"2021-40409",40409
"2021-21018",21018
"2018-20091",20091
"2020-24445",24445
"2018-20060",20060
"2021-21890",21890
"2020-10208",10208
"2020-17529",17529
"2021-39275",39275
"2020-26301",26301
"2017-13282",13282
"2021-21891",21891
"2021-40889",40889
"2021-37167",37167
"2020-10656",10656
"2018-18933",18933
"2020-13925",13925
"2021-28804",28804
"2021-40146",40146
"2020-27832",27832
"2020-35476",35476
"2021-32835",32835
"2021-28911",28911
"2021-23433",23433
"2021-24043",24043
"2020-17383",17383
"2017-15402",15402
"2019-17267",17267
"2020-21523",21523
"2021-27460",27460
"2020-10594",10594
"2021-39623",39623
"2021-33564",33564
"2021-24223",24223
"2019-17382",17382
"2019-12900",12900
"2021-20195",20195
"2020-10108",10108
"2021-20034",20034
"2018-20385",20385
"2021-44143",44143
"2021-23279",23279
"2021-27582",27582
"2020-36178",36178
"2021-46013",46013
"2018-18472",18472
"2021-42064",42064
"2021-45253",45253
"2020-13702",13702
"2019-10950",10950
"2021-21696",21696
"2017-14474",14474
"2021-27877",27877
"2021-23463",23463
"2019-17625",17625
"2019-18671",18671
"2021-33719",33719
"2018-10630",10630
"2021-21024",21024
"2021-46452",46452
"2019-17362",17362
"2019-16261",16261
"2017-16885",16885
"2020-27304",27304
"2021-38528",38528
"2021-24044",24044
"2021-25981",25981
"2019-10071",10071
"2020-25560",25560
"2019-18655",18655
"2021-20045",20045
"2019-18839",18839
"2021-29212",29212
"2021-37608",37608
"2021-42237",42237
"2021-22803",22803
"2017-16726",16726
"2021-33885",33885
"2021-24042",24042
"2021-27692",27692
"2018-17440",17440
"2017-16740",16740
"2021-43049",43049
"2020-35949",35949
"2017-13706",13706
"2021-37716",37716
"2021-46386",46386
"2021-38180",38180
"2020-26928",26928
"2021-21282",21282
"2018-19857",19857
"2020-24918",24918
"2021-41931",41931
"2017-18160",18160
"2021-36126",36126
"2021-22763",22763
"2017-16548",16548
"2020-24355",24355
"2021-22156",22156
"2021-45508",45508
"2019-10784",10784
"2020-17467",17467
"2017-16935",16935
"2021-30181",30181
"2020-12061",12061
"2021-45917",45917
"2021-45509",45509
"2020-27227",27227
"2020-26762",26762
"2021-27568",27568
"2020-10256",10256
"2021-35211",35211
"2021-44152",44152
"2020-12403",12403
"2019-13553",13553
"2020-35636",35636
"2020-29071",29071
"2021-23017",23017
"2018-17160",17160
"2021-41081",41081
"2019-20607",20607
"2021-32726",32726
"2021-43845",43845
"2020-25228",25228
"2020-15900",15900
"2021-30805",30805
"2020-27134",27134
"2021-41080",41080
"2021-21465",21465
"2021-36622",36622
"2019-11034",11034
"2021-20987",20987
"2021-22519",22519
"2021-35942",35942
"2021-36722",36722
"2018-10627",10627
"2021-46384",46384
"2019-20216",20216
"2021-43958",43958
"2021-23277",23277
"2019-14896",14896
"2021-37415",37415
"2021-31562",31562
"2017-11563",11563
"2020-16904",16904
"2019-17270",17270
"2021-30678",30678
"2021-38474",38474
"2019-11286",11286
"2020-26085",26085
"2017-17484",17484
"2021-32588",32588
"2021-36320",36320
"2019-19885",19885
"2021-31580",31580
"2021-44790",44790
"2019-18578",18578
"2019-16897",16897
"2021-24915",24915
"2021-21978",21978
"2018-13808",13808
"2020-24264",24264
"2018-14620",14620
"2019-14014",14014
"2019-12526",12526
"2017-15655",15655
"2020-15787",15787
"2021-20999",20999
"2018-20100",20100
"2021-33191",33191
"2021-26084",26084
"2021-32639",32639
"2021-35048",35048
"2019-17426",17426
"2021-32834",32834
"2018-18556",18556
"2018-15447",15447
"2021-39065",39065
"2017-14695",14695
"2021-27198",27198
"2021-40407",40407
"2020-24719",24719
"2021-24228",24228
"2021-25985",25985
"2019-10196",10196
"2021-32797",32797
"2021-43779",43779
"2021-43617",43617
"2019-11510",11510
"2021-38391",38391
"2020-13774",13774
"2017-14491",14491
"2021-32983",32983
"2021-37579",37579
"2019-15130",15130
"2021-33790",33790
"2021-21982",21982
"2021-23031",23031
"2018-18555",18555
"2021-31337",31337
"2020-13919",13919
"2019-17330",17330
"2021-38393",38393
"2021-36219",36219
"2021-38390",38390
"2017-18318",18318
"2021-34993",34993
"2021-36159",36159
"2019-10202",10202
"2020-15164",15164
"2020-12040",12040
"2017-16615",16615
"2021-25274",25274
"2020-13931",13931
"2021-32030",32030
"2021-41093",41093
"2017-11771",11771
"2021-21322",21322
"2020-17441",17441
"2019-11996",11996
"2021-36298",36298
"2017-13208",13208
"2021-21708",21708
"2021-23438",23438
"2019-11036",11036
"2018-11541",11541
"2020-10567",10567
"2019-11030",11030
"2021-32682",32682
"2020-25747",25747
"2021-42392",42392
"2021-45456",45456
"2021-32654",32654
"2020-35128",35128
"2021-43834",43834
"2020-10516",10516
"2020-28899",28899
"2021-30793",30793
"2021-41765",41765
"2020-10055",10055
"2020-11986",11986
"2019-16411",16411
"2020-28221",28221
"2020-27125",27125
"2021-24385",24385
"2017-17877",17877
"2021-27610",27610
"2020-13753",13753
"2019-18852",18852
"2018-14705",14705
"2021-44042",44042
"2018-11061",11061
"2021-22931",22931
"2019-14451",14451
"2020-13916",13916
"2019-10173",10173
"2018-12714",12714
"2021-43935",43935
"2021-24499",24499
"2021-42716",42716
"2018-19715",19715
"2021-20136",20136
"2019-14082",14082
"2018-20334",20334
"2021-43523",43523
"2021-21281",21281
"2021-32798",32798
"2021-27602",27602
"2019-18337",18337
"2021-40842",40842
"2020-12013",12013
"2020-12110",12110
"2021-21477",21477
"2018-15387",15387
"2020-27130",27130
"2020-24636",24636
"2019-11708",11708
"2021-45645",45645
"2020-28334",28334
"2021-21502",21502
"2021-22002",22002
"2019-12523",12523
"2019-16382",16382
"2021-40119",40119
"2021-45630",45630
"2021-41163",41163
"2019-14930",14930
"2019-18225",18225
"2018-18765",18765
"2020-14316",14316
"2021-25032",25032
"2021-22945",22945
"2018-19524",19524
"2021-23436",23436
"2019-19676",19676
"2020-26290",26290
"2019-18339",18339
"2020-12505",12505
"2021-28809",28809
"2020-14497",14497
"2018-19945",19945
"2021-42669",42669
"2021-45637",45637
"2019-18873",18873
"2021-43048",43048
"2020-26542",26542
"2021-21321",21321
"2019-17006",17006
"2020-35129",35129
"2019-10881",10881
"2020-12011",12011
"2020-10265",10265
"2021-30304",30304
"2019-18830",18830
"2020-11117",11117
"2021-27691",27691
"2020-15179",15179
"2021-28495",28495
"2021-22727",22727
"2020-15615",15615
"2017-16347",16347
"2021-46393",46393
"2021-44523",44523
"2020-15425",15425
"2019-20374",20374
"2021-46394",46394
"2020-35685",35685
"2019-13171",13171
"2021-21242",21242
"2021-42377",42377
"2021-28797",28797
"2019-10842",10842
"2017-16341",16341
"2021-24693",24693
"2019-10952",10952
"2021-23857",23857
"2021-28800",28800
"2019-14887",14887
"2020-15243",15243
"2019-18314",18314
"2021-24375",24375
"2021-46319",46319
"2021-44029",44029
"2021-44515",44515
"2020-36155",36155
"2021-38555",38555
"2020-15420",15420
"2019-18643",18643
"2018-12387",12387
"2020-15614",15614
"2020-15182",15182
"2020-17531",17531
"2020-15623",15623
"2019-18823",18823
"2021-38598",38598
"2021-21386",21386
"2020-13957",13957
"2021-35003",35003
"2019-16383",16383
"2021-23847",23847
"2020-15860",15860
"2021-27710",27710
"2017-18922",18922
"2017-14375",14375
"2020-25213",25213
"2021-22704",22704
"2020-15433",15433
"2021-44524",44524
"2020-11153",11153
"2019-18370",18370
"2020-15612",15612
"2021-20038",20038
"2020-14343",14343
"2018-16947",16947
"2020-15435",15435
"2019-17137",17137
"2021-29215",29215
"2021-29203",29203
"2020-27263",27263
"2020-13151",13151
"2019-15954",15954
"2018-21054",21054
"2019-11581",11581
"2021-27708",27708
"2020-27265",27265
"2020-27267",27267
"2020-11052",11052
"2021-22772",22772
"2021-20151",20151
"2019-14929",14929
"2020-15350",15350
"2021-35004",35004
"2020-26943",26943
"2019-18935",18935
"2017-11435",11435
"2020-26282",26282
"2021-45611",45611
"2019-11733",11733
"2020-10914",10914
"2019-20445",20445
"2021-41025",41025
"2019-18662",18662
"2021-29508",29508
"2021-41110",41110
"2019-13923",13923
"2020-35757",35757
"2017-14078",14078
"2021-43355",43355
"2019-12776",12776
"2018-19410",19410
"2019-15753",15753
"2019-20467",20467
"2020-12501",12501
"2021-22730",22730
"2017-12815",12815
"2019-16941",16941
"2017-17422",17422
"2021-42099",42099
"2020-12506",12506
"2018-11106",11106
"2017-17652",17652
"2021-45382",45382
"2020-15152",15152
"2019-12255",12255
"2021-33672",33672
"2020-25577",25577
"2021-29465",29465
"2021-21280",21280
"2021-22707",22707
"2021-33701",33701
"2021-23008",23008
"2018-11066",11066
"2021-45507",45507
"2019-10959",10959
"2021-44521",44521
"2020-24673",24673
"2019-13020",13020
"2020-15180",15180
"2021-35393",35393
"2021-39168",39168
"2020-15149",15149
"2020-21991",21991
"2021-20325",20325
"2020-24683",24683
"2021-33574",33574
"2020-15781",15781
"2020-25928",25928
"2018-18473",18473
"2017-14589",14589
"2020-10287",10287
"2020-25583",25583
"2018-19586",19586
"2020-29493",29493
"2021-22893",22893
"2021-20078",20078
"2017-12787",12787
"2021-34344",34344
"2020-12500",12500
"2020-12007",12007
"2018-14721",14721
"2019-25029",25029
"2020-13995",13995
"2019-11460",11460
"2021-46315",46315
"2018-17200",17200
"2016-10444",10444
"2018-14720",14720
"2019-18322",18322
"2019-18666",18666
"2021-43297",43297
"2020-27868",27868
"2021-41280",41280
"2021-38530",38530
"2021-36163",36163
"2019-13473",13473
"2019-11210",11210
"2021-31251",31251
"2021-35978",35978
"2021-35209",35209
"2019-18284",18284
"2019-14926",14926
"2021-23901",23901
"2019-13932",13932
"2019-17211",17211
"2021-35689",35689
"2017-11215",11215
"2018-10170",10170
"2020-29495",29495
"2021-40113",40113
"2021-34823",34823
"2018-18729",18729
"2019-18937",18937
"2020-14855",14855
"2021-40417",40417
"2021-32691",32691
"2019-14906",14906
"2021-26706",26706
"2020-15240",15240
"2019-11168",11168
"2018-19036",19036
"2021-37558",37558
"2017-11694",11694
"2020-15636",15636
"2020-14625",14625
"2021-35522",35522
"2019-15102",15102
"2016-10496",10496
"2020-26276",26276
"2020-26829",26829
"2021-21388",21388
"2018-10381",10381
"2021-35977",35977
"2017-15597",15597
"2021-35973",35973
"2017-12369",12369
"2019-12525",12525
"2021-43047",43047
"2020-10921",10921
"2020-15086",15086
"2018-18406",18406
"2020-14825",14825
"2018-18810",18810
"2021-29441",29441
"2021-38513",38513
"2018-19417",19417
"2017-12757",12757
"2020-24218",24218
"2020-10888",10888
"2017-11225",11225
"2017-16949",16949
"2017-14911",14911
"2021-25847",25847
"2020-15786",15786
"2021-41744",41744
"2019-18792",18792
"2019-11208",11208
"2017-13997",13997
"2019-16948",16948
"2021-32742",32742
"2016-10532",10532
"2020-27488",27488
"2017-12372",12372
"2021-42740",42740
"2016-10419",10419
"2021-42343",42343
"2021-44077",44077
"2021-22272",22272
"2019-15310",15310
"2017-11589",11589
"2021-45608",45608
"2021-27426",27426
"2020-29551",29551
"2014-10057",10057
"2020-14645",14645
"2021-41288",41288
"2021-24229",24229
"2021-25641",25641
"2018-11773",11773
"2020-12886",12886
"2020-14521",14521
"2020-11105",11105
"2021-45977",45977
"2019-17146",17146
"2019-13082",13082
"2021-27905",27905
"2021-45624",45624
"2021-21986",21986
"2016-10477",10477
"2021-22731",22731
"2021-26715",26715
"2021-30648",30648
"2017-18264",18264
"2021-33045",33045
"2021-33044",33044
"2017-12370",12370
"2019-12419",12419
"2019-20444",20444
"2020-27484",27484
"2021-40418",40418
"2017-16398",16398
"2020-10275",10275
"2020-14882",14882
"2020-10272",10272
"2021-21352",21352
"2018-21097",21097
"2021-22820",22820
"2017-14948",14948
"2017-13179",13179
"2020-14756",14756
"2019-19374",19374
"2018-14786",14786
"2019-10712",10712
"2019-11211",11211
"2020-26214",26214
"2020-29583",29583
"2017-10366",10366
"2020-24634",24634
"2017-12371",12371
"2018-11421",11421
"2019-14134",14134
"2017-12377",12377
"2021-21985",21985
"2021-34345",34345
"2021-34746",34746
"2017-14596",14596
"2019-13474",13474
"2017-14698",14698
"2021-42359",42359
"2021-33912",33912
"2020-28333",28333
"2021-23274",23274
"2018-14719",14719
"2020-12522",12522
"2020-14701",14701
"2020-15272",15272
"2021-44514",44514
"2021-41264",41264
"2021-20837",20837
"2017-18127",18127
"2021-32685",32685
"2016-10475",10475
"2020-26838",26838
"2017-18858",18858
"2020-25132",25132
"2019-12409",12409
"2020-14606",14606
"2021-41269",41269
"2021-40493",40493
"2017-11693",11693
"2020-10283",10283
"2017-14021",14021
"2021-30321",30321
"2019-14514",14514
"2021-43319",43319
"2019-11202",11202
"2021-39185",39185
"2019-13143",13143
"2021-21304",21304
"2021-21972",21972
"2021-21410",21410
"2021-38162",38162
"2019-18329",18329
"2019-18330",18330
"2021-32714",32714
"2019-10655",10655
"2021-44682",44682
"2021-41259",41259
"2021-31891",31891
"2017-10137",10137
"2021-35498",35498
"2021-26588",26588
"2019-13022",13022
"2021-24814",24814
"2021-33945",33945
"2020-13927",13927
"2020-15196",15196
"2019-17621",17621
"2016-10452",10452
"2021-29067",29067
"2019-15304",15304
"2019-14771",14771
"2019-10938",10938
"2018-18068",18068
"2020-11169",11169
"2020-13392",13392
"2016-10486",10486
"2018-18475",18475
"2017-18145",18145
"2018-16188",16188
"2021-44548",44548
"2021-22869",22869
"2014-10051",10051
"2020-13394",13394
"2020-24633",24633
"2019-14222",14222
"2020-10276",10276
"2019-18413",18413
"2020-12001",12001
"2021-21507",21507
"2017-12368",12368
"2017-14464",14464
"2020-15207",15207
"2018-11091",11091
"2020-26299",26299
"2020-11995",11995
"2021-29077",29077
"2019-10919",10919
"2021-32810",32810
"2020-13390",13390
"2021-27215",27215
"2019-14111",14111
"2020-13393",13393
"2020-27131",27131
"2021-35683",35683
"2021-39227",39227
"2019-10744",10744
"2019-20025",20025
"2018-13799",13799
"2019-14931",14931
"2021-24867",24867
"2018-19987",19987
"2020-11998",11998
"2021-35652",35652
"2020-10269",10269
"2020-11624",11624
"2019-10063",10063
"2018-18949",18949
"2021-38159",38159
"2021-38682",38682
"2020-12016",12016
"2021-23632",23632
"2017-18017",18017
"2019-16029",16029
"2016-10043",10043
"2017-15041",15041
"2018-19990",19990
"2019-18938",18938
"2021-37706",37706
"2017-14910",14910
"2020-15208",15208
"2021-42013",42013
"2021-33913",33913
"2020-15123",15123
"2017-14462",14462
"2020-14658",14658
"2021-34646",34646
"2016-10479",10479
"2020-10683",10683
"2017-14467",14467
"2020-15798",15798
"2019-18780",18780
"2017-10404",10404
"2021-25955",25955
"2016-10305",10305
"2019-19825",19825
"2020-14875",14875
"2021-32825",32825
"2019-10665",10665
"2021-31384",31384
"2020-27486",27486
"2020-14665",14665
"2018-19989",19989
"2021-21350",21350
"2017-10402",10402
"2021-38692",38692
"2020-15256",15256
"2018-18505",18505
"2019-14308",14308
"2021-21351",21351
"2019-10940",10940
"2021-45638",45638
"2021-38687",38687
"2019-17634",17634
"2018-15427",15427
"2019-14300",14300
"2020-26908",26908
"2021-44538",44538
"2017-10615",10615
"2018-10362",10362
"2021-41170",41170
"2020-14876",14876
"2018-15379",15379
"2021-33690",33690
"2021-21344",21344
"2021-37578",37578
"2021-21346",21346
"2021-23038",23038
"2018-11717",11717
"2019-14307",14307
"2021-21345",21345
"2019-15800",15800
"2021-43527",43527
"2021-21347",21347
"2017-18144",18144
"2021-41266",41266
"2017-14912",14912
"2018-14649",14649
"2019-10141",10141
"2021-39290",39290
"2021-23037",23037
"2018-10730",10730
"2019-10922",10922
"2017-15708",15708
"2021-22566",22566
"2021-27856",27856
"2016-10467",10467
"2018-13992",13992
"2021-40358",40358
"2020-14599",14599
"2021-34727",34727
"2018-16395",16395
"2019-11014",11014
"2020-14871",14871
"2020-15892",15892
"2017-10330",10330
"2018-11691",11691
"2021-27428",27428
"2017-17833",17833
"2021-21353",21353
"2020-27485",27485
"2017-18130",18130
"2020-26255",26255
"2021-33046",33046
"2021-28958",28958
"2021-32802",32802
"2020-12017",12017
"2019-15000",15000
"2017-14469",14469
"2021-45644",45644
"2019-15958",15958
"2017-15095",15095
"2018-21162",21162
"2020-15202",15202
"2018-11932",11932
"2021-34730",34730
"2018-20770",20770
"2021-32642",32642
"2016-10449",10449
"2019-14379",14379
"2021-40539",40539
"2020-15097",15097
"2021-22986",22986
"2018-18251",18251
"2017-10329",10329
"2021-21342",21342
"2016-10462",10462
"2018-17198",17198
"2019-14086",14086
"2017-14471",14471
"2020-14805",14805
"2020-24217",24217
"2019-14063",14063
"2018-20771",20771
"2021-43832",43832
"2020-11854",11854
"2016-10425",10425
"2021-36767",36767
"2020-12884",12884
"2019-14131",14131
"2021-32827",32827
"2021-37334",37334
"2021-31535",31535
"2018-20768",20768
"2018-16618",16618
"2021-45511",45511
"2017-10396",10396
"2018-16115",16115
"2018-11940",11940
"2016-10424",10424
"2020-11844",11844
"2016-10457",10457
"2017-18074",18074
"2021-22681",22681
"2021-37181",37181
"2019-10589",10589
"2019-16943",16943
"2021-39159",39159
"2019-10622",10622
"2019-10160",10160
"2021-41194",41194
"2016-10441",10441
"2016-10485",10485
"2018-17916",17916
"2018-10192",10192
"2021-21425",21425
"2018-19300",19300
"2021-32637",32637
"2020-10271",10271
"2019-15803",15803
"2016-10501",10501
"2021-29644",29644
"2016-10480",10480
"2021-43816",43816
"2019-12643",12643
"2020-12504",12504
"2017-10405",10405
"2021-45501",45501
"2021-21276",21276
"2021-27391",27391
"2021-27410",27410
"2019-10557",10557
"2021-21413",21413
"2017-12251",12251
"2018-11462",11462
"2016-10487",10487
"2020-10255",10255
"2020-24214",24214
"2021-41435",41435
"2018-18815",18815
"2017-18138",18138
"2021-39228",39228
"2017-17773",17773
"2017-12635",12635
"2017-12629",12629
"2014-10053",10053
"2017-18146",18146
"2021-22991",22991
"2018-11949",11949
"2021-41616",41616
"2021-22987",22987
"2020-36195",36195
"2019-17042",17042
"2018-15520",15520
"2018-11287",11287
"2021-22989",22989
"2019-17041",17041
"2021-32647",32647
"2019-10939",10939
"2018-14999",14999
"2017-10352",10352
"2017-10102",10102
"2019-16942",16942
"2020-35575",35575
"2014-10048",10048
"2019-15260",15260
"2019-17571",17571
"2020-11184",11184
"2017-18140",18140
"2021-24220",24220
"2016-10472",10472
"2017-18139",18139
"2021-24884",24884
"2021-45512",45512
"2017-16743",16743
"2017-12236",12236
"2018-11466",11466
"2021-26291",26291
"2016-10450",10450
"2021-30179",30179
"2014-10052",10052
"2019-18425",18425
"2021-22992",22992
"2021-30168",30168
"2019-14112",14112
"2018-11937",11937
"2020-10270",10270
"2016-10422",10422
"2019-16672",16672
"2016-10493",10493
"2020-14935",14935
"2020-11094",11094
"2019-10528",10528
"2019-10581",10581
"2016-10481",10481
"2019-10538",10538
"2019-17638",17638
"2021-33514",33514
"2016-10412",10412
"2021-30167",30167
"2020-11075",11075
"2016-10491",10491
"2021-45614",45614
"2020-10257",10257
"2021-32671",32671
"2021-41589",41589
"2016-10482",10482
"2016-10492",10492
"2021-37705",37705
"2016-10456",10456
"2016-10421",10421
"2021-35029",35029
"2014-10054",10054
"2016-10436",10436
"2020-36239",36239
"2019-10542",10542
"2017-12762",12762
"2019-16674",16674
"2019-10540",10540
"2019-18956",18956
"2021-43799",43799
"2019-10526",10526
"2017-10086",10086
"2018-11930",11930
"2017-11420",11420
"2018-11953",11953
"2018-21153",21153
"2021-20110",20110
"2019-10509",10509
"2017-10110",10110
"2017-10089",10089
"2018-11936",11936
"2021-22779",22779
"2017-10111",10111
"2016-10414",10414
"2016-10484",10484
"2020-29062",29062
"2020-29061",29061
"2020-29060",29060
"2016-10448",10448
"2016-10490",10490
"2018-13887",13887
"2020-29054",29054
"2021-45613",45613
"2019-16240",16240
"2017-10090",10090
"2017-12249",12249
"2020-29059",29059
"2020-29058",29058
"2021-29475",29475
"2019-10541",10541
"2017-10107",10107
"2020-29056",29056
"2017-10101",10101
"2021-45046",45046
"2021-32829",32829
"2017-10087",10087
"2020-15782",15782
"2017-10285",10285
"2017-10346",10346
"2017-10601",10601
"2018-12892",12892
"2019-12511",12511
"2020-15229",15229
"2021-45610",45610
"2017-12337",12337
"2019-10534",10534
"2019-10533",10533
"2019-10550",10550
"2021-27850",27850
"2018-17153",17153
"2019-14080",14080
"2018-13898",13898
"2018-14991",14991
"2019-10546",10546
"2019-10559",10559
"2017-14100",14100
"2019-10522",10522
"2019-14016",14016
"2020-24786",24786
"2020-11167",11167
"2019-11994",11994
"2018-11271",11271
"2021-31886",31886
"2019-14127",14127
"2019-14097",14097
"2021-43837",43837
"2018-21134",21134
"2021-45658",45658
"2019-14005",14005
"2021-45616",45616
"2019-14083",14083
"2019-10505",10505
"2019-14006",14006
"2021-44526",44526
"2019-19228",19228
"2019-18226",18226
"2021-31889",31889
"2018-13911",13911
"2021-45617",45617
"2019-10572",10572
"2021-31884",31884
"2019-10058",10058
"2019-14004",14004
"2019-10579",10579
"2019-14017",14017
"2019-14098",14098
"2021-20699",20699
"2019-10590",10590
"2021-20698",20698
"2019-10614",10614
"2021-31345",31345
"2021-28827",28827
"2019-14057",14057
"2019-14013",14013
"2018-11955",11955
"2021-45527",45527
"2021-38527",38527
"2018-13886",13886
"2019-10539",10539
"2020-11116",11116
"2021-45618",45618
"2021-21382",21382
"2019-14052",14052
"2019-10593",10593
"2021-35395",35395
"2019-11231",11231
"2021-28673",28673
"2020-11216",11216
"2019-10500",10500
"2021-31890",31890
"2021-31346",31346
"2020-25226",25226
"2020-11283",11283
"2019-10525",10525
"2019-14033",14033
"2021-28672",28672
"2019-10587",10587
"2019-10586",10586
"2020-11197",11197
"2020-25014",25014
"2019-10551",10551
"2019-10609",10609
"2019-14020",14020
"2019-14031",14031
"2019-14114",14114
"2019-10588",10588
"2021-45612",45612
"2021-28671",28671
"2019-10610",10610
"2019-14011",14011
"2021-45622",45622
"2019-14113",14113
"2018-13906",13906
"2019-14110",14110
"2019-14062",14062
"2019-10577",10577
"2019-14019",14019
"2019-10552",10552
"2018-13924",13924
"2019-14073",14073
"2020-11144",11144
"2021-45620",45620
"2019-10554",10554
"2021-45619",45619
"2019-20730",20730
"2021-32724",32724
"2021-25216",25216
"2020-11140",11140
"2020-16226",16226
"2021-41100",41100
"2021-25669",25669
"2021-25668",25668
"2020-35799",35799
"2021-27384",27384
"2019-14095",14095
"2021-35068",35068
"2020-11176",11176
"2021-45621",45621
"2021-20716",20716
"2020-11138",11138
"2020-25175",25175
"2020-25179",25179
"2020-11143",11143
"2020-11137",11137
"2020-11136",11136
"2021-20587",20587
"2021-20588",20588
"2021-34423",34423
"2020-11212",11212
"2021-44735",44735
"2020-11213",11213
"2020-11307",11307
"2021-44228",44228
"2021-42019",42019
"2021-38516",38516
"2021-42018",42018
"2020-11264",11264
"2020-11193",11193
"2020-11196",11196
"2018-15439",15439
"2017-17301",17301
"2017-16725",16725
"2020-35796",35796
"2021-30284",30284
"2020-35795",35795
"2021-41117",41117
"2021-31382",31382
"2021-30351",30351
"2021-31895",31895
"2021-44738",44738
"2021-44734",44734
"2020-11163",11163
"2020-11182",11182
"2019-16650",16650
"2020-11222",11222
"2020-35800",35800
"2021-36260",36260
"2020-11247",11247
"2020-11134",11134
"2019-16649",16649
"2020-11272",11272
"2020-11192",11192
"2020-11299",11299
"2020-11171",11171
"2020-11126",11126
"2020-11188",11188
"2018-10660",10660
"2018-10662",10662
"2020-11285",11285
"2020-11190",11190
"2020-11227",11227
"2020-11251",11251
"2020-11279",11279
"2020-11166",11166
"2020-11275",11275
"2020-11191",11191
"2020-11159",11159
"2020-11170",11170
"2020-11276",11276
"2017-12240",12240
